<dynamicField name="tcedgestrings_X3b_und_*" type="text_edgenstring" stored="true" indexed="true" multiValued="false" termVectors="true" omitNorms="false" />
<dynamicField name="tcedgestrings_*" type="text_edgenstring" stored="true" indexed="true" multiValued="false" termVectors="true" omitNorms="false" />
<dynamicField name="tcedgestringm_X3b_und_*" type="text_edgenstring" stored="true" indexed="true" multiValued="true" termVectors="true" omitNorms="false" />
<dynamicField name="tcedgestringm_*" type="text_edgenstring" stored="true" indexed="true" multiValued="true" termVectors="true" omitNorms="false" />
<dynamicField name="tocedgestrings_X3b_und_*" type="text_edgenstring" stored="true" indexed="true" multiValued="false" termVectors="true" omitNorms="true" />
<dynamicField name="tocedgestrings_*" type="text_edgenstring" stored="true" indexed="true" multiValued="false" termVectors="true" omitNorms="true" />
<dynamicField name="tocedgestringm_X3b_und_*" type="text_edgenstring" stored="true" indexed="true" multiValued="true" termVectors="true" omitNorms="true" />
<dynamicField name="tocedgestringm_*" type="text_edgenstring" stored="true" indexed="true" multiValued="true" termVectors="true" omitNorms="true" />
<dynamicField name="tucedgestrings_X3b_und_*" type="text_edgenstring" stored="true" indexed="true" multiValued="false" termVectors="true" omitNorms="false" />
<dynamicField name="tucedgestrings_*" type="text_edgenstring" stored="true" indexed="true" multiValued="false" termVectors="true" omitNorms="false" />
<dynamicField name="tucedgestringm_X3b_und_*" type="text_edgenstring" stored="true" indexed="true" multiValued="true" termVectors="true" omitNorms="false" />
<dynamicField name="tucedgestringm_*" type="text_edgenstring" stored="true" indexed="true" multiValued="true" termVectors="true" omitNorms="false" />
<dynamicField name="tcedges_X3b_und_*" type="text_edge" stored="true" indexed="true" multiValued="false" termVectors="true" omitNorms="false" />
<dynamicField name="tcedges_*" type="text_edge" stored="true" indexed="true" multiValued="false" termVectors="true" omitNorms="false" />
<dynamicField name="tcedgem_X3b_und_*" type="text_edge" stored="true" indexed="true" multiValued="true" termVectors="true" omitNorms="false" />
<dynamicField name="tcedgem_*" type="text_edge" stored="true" indexed="true" multiValued="true" termVectors="true" omitNorms="false" />
<dynamicField name="tocedges_X3b_und_*" type="text_edge" stored="true" indexed="true" multiValued="false" termVectors="true" omitNorms="true" />
<dynamicField name="tocedges_*" type="text_edge" stored="true" indexed="true" multiValued="false" termVectors="true" omitNorms="true" />
<dynamicField name="tocedgem_X3b_und_*" type="text_edge" stored="true" indexed="true" multiValued="true" termVectors="true" omitNorms="true" />
<dynamicField name="tocedgem_*" type="text_edge" stored="true" indexed="true" multiValued="true" termVectors="true" omitNorms="true" />
<dynamicField name="tucedges_X3b_und_*" type="text_edge" stored="true" indexed="true" multiValued="false" termVectors="true" omitNorms="false" />
<dynamicField name="tucedges_*" type="text_edge" stored="true" indexed="true" multiValued="false" termVectors="true" omitNorms="false" />
<dynamicField name="tucedgem_X3b_und_*" type="text_edge" stored="true" indexed="true" multiValued="true" termVectors="true" omitNorms="false" />
<dynamicField name="tucedgem_*" type="text_edge" stored="true" indexed="true" multiValued="true" termVectors="true" omitNorms="false" />
<dynamicField name="ts_X3b_en_*" type="text_en" stored="true" indexed="true" multiValued="false" termVectors="true" omitNorms="false" />
<dynamicField name="tm_X3b_en_*" type="text_en" stored="true" indexed="true" multiValued="true" termVectors="true" omitNorms="false" />
<dynamicField name="tos_X3b_en_*" type="text_en" stored="true" indexed="true" multiValued="false" termVectors="true" omitNorms="true" />
<dynamicField name="tom_X3b_en_*" type="text_en" stored="true" indexed="true" multiValued="true" termVectors="true" omitNorms="true" />
<dynamicField name="tus_X3b_en_*" type="text_unstemmed_en" stored="true" indexed="true" multiValued="false" termVectors="true" omitNorms="false" />
<dynamicField name="tum_X3b_en_*" type="text_unstemmed_en" stored="true" indexed="true" multiValued="true" termVectors="true" omitNorms="false" />
<dynamicField name="sort_X3b_en_*" type="collated_en" stored="false" indexed="false" docValues="true" useDocValuesAsStored="false" />
<dynamicField name="tcphonetics_X3b_und_*" type="text_phonetic_und" stored="true" indexed="true" multiValued="false" termVectors="true" omitNorms="false" />
<dynamicField name="tcphonetics_*" type="text_phonetic_und" stored="true" indexed="true" multiValued="false" termVectors="true" omitNorms="false" />
<dynamicField name="tcphoneticm_X3b_und_*" type="text_phonetic_und" stored="true" indexed="true" multiValued="true" termVectors="true" omitNorms="false" />
<dynamicField name="tcphoneticm_*" type="text_phonetic_und" stored="true" indexed="true" multiValued="true" termVectors="true" omitNorms="false" />
<dynamicField name="tocphonetics_X3b_und_*" type="text_phonetic_und" stored="true" indexed="true" multiValued="false" termVectors="true" omitNorms="true" />
<dynamicField name="tocphonetics_*" type="text_phonetic_und" stored="true" indexed="true" multiValued="false" termVectors="true" omitNorms="true" />
<dynamicField name="tocphoneticm_X3b_und_*" type="text_phonetic_und" stored="true" indexed="true" multiValued="true" termVectors="true" omitNorms="true" />
<dynamicField name="tocphoneticm_*" type="text_phonetic_und" stored="true" indexed="true" multiValued="true" termVectors="true" omitNorms="true" />
<dynamicField name="tucphonetics_X3b_und_*" type="text_phonetic_und" stored="true" indexed="true" multiValued="false" termVectors="true" omitNorms="false" />
<dynamicField name="tucphonetics_*" type="text_phonetic_und" stored="true" indexed="true" multiValued="false" termVectors="true" omitNorms="false" />
<dynamicField name="tucphoneticm_X3b_und_*" type="text_phonetic_und" stored="true" indexed="true" multiValued="true" termVectors="true" omitNorms="false" />
<dynamicField name="tucphoneticm_*" type="text_phonetic_und" stored="true" indexed="true" multiValued="true" termVectors="true" omitNorms="false" />
<dynamicField name="tcphonetics_X3b_en_*" type="text_phonetic_en" stored="true" indexed="true" multiValued="false" termVectors="true" omitNorms="false" />
<dynamicField name="tcphoneticm_X3b_en_*" type="text_phonetic_en" stored="true" indexed="true" multiValued="true" termVectors="true" omitNorms="false" />
<dynamicField name="tocphonetics_X3b_en_*" type="text_phonetic_en" stored="true" indexed="true" multiValued="false" termVectors="true" omitNorms="true" />
<dynamicField name="tocphoneticm_X3b_en_*" type="text_phonetic_en" stored="true" indexed="true" multiValued="true" termVectors="true" omitNorms="true" />
<dynamicField name="tucphonetics_X3b_en_*" type="text_phonetic_en" stored="true" indexed="true" multiValued="false" termVectors="true" omitNorms="false" />
<dynamicField name="tucphoneticm_X3b_en_*" type="text_phonetic_en" stored="true" indexed="true" multiValued="true" termVectors="true" omitNorms="false" />
<dynamicField name="ts_X3b_und_*" type="text_und" stored="true" indexed="true" multiValued="false" termVectors="true" omitNorms="false" />
<dynamicField name="ts_*" type="text_und" stored="true" indexed="true" multiValued="false" termVectors="true" omitNorms="false" />
<dynamicField name="tm_X3b_und_*" type="text_und" stored="true" indexed="true" multiValued="true" termVectors="true" omitNorms="false" />
<dynamicField name="tm_*" type="text_und" stored="true" indexed="true" multiValued="true" termVectors="true" omitNorms="false" />
<dynamicField name="tos_X3b_und_*" type="text_und" stored="true" indexed="true" multiValued="false" termVectors="true" omitNorms="true" />
<dynamicField name="tos_*" type="text_und" stored="true" indexed="true" multiValued="false" termVectors="true" omitNorms="true" />
<dynamicField name="tom_X3b_und_*" type="text_und" stored="true" indexed="true" multiValued="true" termVectors="true" omitNorms="true" />
<dynamicField name="tom_*" type="text_und" stored="true" indexed="true" multiValued="true" termVectors="true" omitNorms="true" />
<dynamicField name="tus_X3b_und_*" type="text_und" stored="true" indexed="true" multiValued="false" termVectors="true" omitNorms="false" />
<dynamicField name="tus_*" type="text_und" stored="true" indexed="true" multiValued="false" termVectors="true" omitNorms="false" />
<dynamicField name="tum_X3b_und_*" type="text_und" stored="true" indexed="true" multiValued="true" termVectors="true" omitNorms="false" />
<dynamicField name="tum_*" type="text_und" stored="true" indexed="true" multiValued="true" termVectors="true" omitNorms="false" />
<dynamicField name="spellcheck_und*" type="text_spell_und" stored="true" indexed="true" multiValued="true" termVectors="true" omitNorms="true" />
<dynamicField name="spellcheck_*" type="text_spell_und" stored="true" indexed="true" multiValued="true" termVectors="true" omitNorms="true" />
<dynamicField name="sort_X3b_und_*" type="collated_und" stored="false" indexed="false" docValues="true" useDocValuesAsStored="false" />
<dynamicField name="sort_*" type="collated_und" stored="false" indexed="false" docValues="true" useDocValuesAsStored="false" />
<dynamicField name="tcngramstrings_X3b_und_*" type="text_ngramstring" stored="true" indexed="true" multiValued="false" termVectors="true" omitNorms="false" />
<dynamicField name="tcngramstrings_*" type="text_ngramstring" stored="true" indexed="true" multiValued="false" termVectors="true" omitNorms="false" />
<dynamicField name="tcngramstringm_X3b_und_*" type="text_ngramstring" stored="true" indexed="true" multiValued="true" termVectors="true" omitNorms="false" />
<dynamicField name="tcngramstringm_*" type="text_ngramstring" stored="true" indexed="true" multiValued="true" termVectors="true" omitNorms="false" />
<dynamicField name="tocngramstrings_X3b_und_*" type="text_ngramstring" stored="true" indexed="true" multiValued="false" termVectors="true" omitNorms="true" />
<dynamicField name="tocngramstrings_*" type="text_ngramstring" stored="true" indexed="true" multiValued="false" termVectors="true" omitNorms="true" />
<dynamicField name="tocngramstringm_X3b_und_*" type="text_ngramstring" stored="true" indexed="true" multiValued="true" termVectors="true" omitNorms="true" />
<dynamicField name="tocngramstringm_*" type="text_ngramstring" stored="true" indexed="true" multiValued="true" termVectors="true" omitNorms="true" />
<dynamicField name="tucngramstrings_X3b_und_*" type="text_ngramstring" stored="true" indexed="true" multiValued="false" termVectors="true" omitNorms="false" />
<dynamicField name="tucngramstrings_*" type="text_ngramstring" stored="true" indexed="true" multiValued="false" termVectors="true" omitNorms="false" />
<dynamicField name="tucngramstringm_X3b_und_*" type="text_ngramstring" stored="true" indexed="true" multiValued="true" termVectors="true" omitNorms="false" />
<dynamicField name="tucngramstringm_*" type="text_ngramstring" stored="true" indexed="true" multiValued="true" termVectors="true" omitNorms="false" />
<dynamicField name="tcngrams_X3b_und_*" type="text_ngram" stored="true" indexed="true" multiValued="false" termVectors="true" omitNorms="false" />
<dynamicField name="tcngrams_*" type="text_ngram" stored="true" indexed="true" multiValued="false" termVectors="true" omitNorms="false" />
<dynamicField name="tcngramm_X3b_und_*" type="text_ngram" stored="true" indexed="true" multiValued="true" termVectors="true" omitNorms="false" />
<dynamicField name="tcngramm_*" type="text_ngram" stored="true" indexed="true" multiValued="true" termVectors="true" omitNorms="false" />
<dynamicField name="tocngrams_X3b_und_*" type="text_ngram" stored="true" indexed="true" multiValued="false" termVectors="true" omitNorms="true" />
<dynamicField name="tocngrams_*" type="text_ngram" stored="true" indexed="true" multiValued="false" termVectors="true" omitNorms="true" />
<dynamicField name="tocngramm_X3b_und_*" type="text_ngram" stored="true" indexed="true" multiValued="true" termVectors="true" omitNorms="true" />
<dynamicField name="tocngramm_*" type="text_ngram" stored="true" indexed="true" multiValued="true" termVectors="true" omitNorms="true" />
<dynamicField name="tucngrams_X3b_und_*" type="text_ngram" stored="true" indexed="true" multiValued="false" termVectors="true" omitNorms="false" />
<dynamicField name="tucngrams_*" type="text_ngram" stored="true" indexed="true" multiValued="false" termVectors="true" omitNorms="false" />
<dynamicField name="tucngramm_X3b_und_*" type="text_ngram" stored="true" indexed="true" multiValued="true" termVectors="true" omitNorms="false" />
<dynamicField name="tucngramm_*" type="text_ngram" stored="true" indexed="true" multiValued="true" termVectors="true" omitNorms="false" />
